ITEM_NAME,BRAND_NAME
TU black glass frame 5x7,TU
JS ALUMINIUM FRAME 3 APERTURE LONG,SAINSBURYS
TU crystal leaf frame 4x6,TU
Now SKU = 116285909,TU
TU crystal leaf frame 5x7,TU
Now SKU = 117120065,TU
Now SKU = 116284316,TU
Now SKU = 116280892,TU
TU 4 Aperture Black Aluminium Frame,TU
TU ALUMINIUM TRAILING ROSE FRAME 5X7,TU
TU Purple orchid 40x60,TU
TRANSITIONED:TU Red poppy wall art 50x50,TU
TU art Deco Jewel frame 8x10,TU
TU Red Fabric 5x7 Frame,TU
Now SKU = 116282863,TU
Now SKU = 113035891,TU
TRANSITIONED:JS Basics CLIPFRAME 21X30,STAMFORD STREET
Now SKU = 116284228,TU
TU Honeywood 4x6 2pk frames,TU
TU floral engraved frame 4x6,TU
Now SKU = 116294215,TU
TU Black wood frame 3ap,TU
TU Angled Mirrored Photo Frame,TU
TU double bevelled mirror frame 4x6,TU
TU Black Leaf Filled frame,TU
TU art Deco Jewel frame 5x7,TU
TU Honeywood frame 8x10,TU
Now SKU = 116281879,TU
TU Black Aluminium Certificate Frame,TU
JS CLIPFRAME 10X15,SAINSBURYS
Now SKU = 116286282,TU
JS Champagne Gold Frame 4X6,SAINSBURYS
TU Solid oak double hinged frame 4x6,TU
TU Black wood frame 5x7 2pk,TU
Now SKU = 116284092,TU
Now SKU = 116279971,TU
TU Gold effect resin frame 4x6,TU
TU 4x6 Slate Frame,TU
Now SKU = 117111839,TU
TU Honeywood 5x7 2pack frames,TU
Now SKU = 113028798,TU
Now SKU = 113034864,TU
TU black aluminium frame 2x3,TU
TU Black Anodised Frame 4x6,TU
TU Ornate White Resin Frame 5x7,TU
Now SKU = 113029791,TU
Now SKU = 113041790,TU
TU 10 Piece Magnetic Fridge Frame Set,TU
TU Tinted Thick Acrylic Frame 4x6,TU
TU gold effect anodised Frame 4x6,TU
TU Floating Frame Art - Flower,TU
Now SKU = 116283823,TU
TU Silver Foil Dog Photo Frame 3.5x3.5,TU
TU double bevelled mirror frame 5x7,TU
Now SKU = 116282927,TU
TU Glass Floral Frame 5x7,TU
Now SKU = 119050857,TU
TU Black wood frame 4x6 2pack,TU
TU silver foil christening frame 3.5x3.5,TU
Now SKU = 113021799,TU
TU Black wood frame 8ap,TU
TU Mother of Pearl Photo Frame 5x7,TU
TU art Deco Jewel frame 4x6,TU
JS Basics CLIPFRAME 13X18,STAMFORD STREET
Now SKU = 113064991,TU
TU Black Aluminium 8x10 Frame,TU
Now SKU = 117120815,TU
Now SKU = 116286506,TU
JS Decorative Enamelled Frame,SAINSBURYS
TU Small Scroll and Jewell Photo Frame,TU
JS Silver Plated Photoframe 5x7,SAINSBURYS
TU Ballerina wall art 40x50,TU
TU Black wood frame 4ap,TU
TU Magnolia Flower Filled Frame,TU
JS Basics 5x7 Wooden Frame,STAMFORD STREET
Now SKU = 119050371,TU
Now SKU = 116293950,TU
JS Silver Plated Photoframe 8x10,SAINSBURYS
TU Honeywood 8ap frame,TU
Now SKU = 116286080,TU
Now SKU = 113043795,TU
TU Tinted Thick Acrylic Frame 5x7,TU
TU gold effect scroll frame 5x7,TU
TU Bronzed glass frame 4x6,TU
TU black glass frame 4x6,TU
TU Honeywood 3ap frame,TU
TU Gold effect resin frame 5x7,TU
TU gold effect aluminium frame 2x3,TU
TU Honeywood frame 4ap,TU
JS Black Wood and Glass Photo Frame 5x7,SAINSBURYS
JS Black Wood and Glass Photo Frame 4x6,SAINSBURYS
TU 11 Ap Honeywood frame,TU
JS Basics 8x10 Wooden Frame,STAMFORD STREET
JS Basics 4x6 Wooden Frame,STAMFORD STREET
TU RED FABRIC 4X6 FRAME,TU
TU Silver Plated Double Heart Frame,TU
Now SKU = 113016914,TU
Now SKU = 113037791,TU
TU Black Aluminium Frame 3 Ap Long,TU
Now SKU = 116280817,TU
TU leaf Black Filled Frame 31x31,TU
Now SKU = 116286477,TU
TU Black wood frame 8x10,TU
Now SKU = 116284818,STAMFORD STREET
JS CLEAR GLASS CANDLE PLATE SMALL,SAINSBURYS
Now SKU = 116265060,STAMFORD STREET
JS 2 Piece Hurricane Lamp Clear Glass,SAINSBURYS
JS 3PP CUSHION FOOT BLACK 6-11,SAINSBURYS
RL PLAIN SOCKS 5PP NAVY 6-8.5,SAINSBURYS
5PP MENS TRAINER INNER WHITE 6 -11,SAINSBURYS
1PP WICKED WILLY 2 SOCKS 6-11,SAINSBURYS
JS WL RCH SOCK X3CHARCOAL GREY SIZE 9-11,SAINSBURYS
5PP MENS TRAINER INNER 6-11 CLIP STRIP,SAINSBURYS
RL PLAIN SOCKS 5PP BROWN 6-8.5,SAINSBURYS
RL PLAIN SOCKS 5PP BROWN 9-11,SAINSBURYS
RL 5 PP MENS HEEL&TOE BLK A/W COLS 6-11,SAINSBURYS
JS 3PP CUSHION FOOT NAVY 6-11,SAINSBURYS
3PP MENS VENT FOOT SOCKS - BLU E 9-11,SAINSBURYS
JS WOOL RICH SOCK X3 BLACK SIZE 6-8.5,SAINSBURYS
RL PLAIN SOCK 5PP CHARCOAL 6-8.5,SAINSBURYS
JS WOOL RICH SOCK X3 BLUE MARL SIZE 9-11,SAINSBURYS
MENS HOMER SOCKS AND CD CASE 6 -11,SAINSBURYS
RL PLAIN SOCK 5PP CHARCOAL 9-11,SAINSBURYS
2PP MENS MCRSEDD CTTN DART SCK NAVY 6-11,SAINSBURYS
3PP MENS VENT FOOT SOCKS - BLU E 6-8.5,SAINSBURYS
MENS SIMPSONS SOCKS AND TANKAR D 6-11,SAINSBURYS
RL PLAIN SOCKS 5PP CHAMBRAY 9-11,SAINSBURYS
RL PLAIN SOCKS 5PP BLACK 9-11,SAINSBURYS
Cotton Terry Golf Socks (9- 12),SAINSBURYS
JS WL RCH THRML SHRT A/FRC BL/ SIZE 6-8.,SAINSBURYS
1PP HONG KONG PHOOEY 2 6-11,SAINSBURYS
JS WL RCH THRML SHRT A/FRC BLE /SIZE 9-1,SAINSBURYS
RL PLAIN SOCKS 5PP BLACK 6-8.5,SAINSBURYS
JS MENS CHARACTER SOCK 6-11,SAINSBURYS
3PP MENS VENT FOOT SOCKS - BLA CK 9-11,SAINSBURYS
JS 1 PR PK SMPSNS SCKS 6-11 TM E FOR DUF,SAINSBURYS
JS 5PP SPORT SOCKS 6-11 BLACK,SAINSBURYS
JS 5PP SPORT SOCKS 6-11 WHITE,SAINSBURYS
Cotton Terry Golf Socks (6 - 8.5),SAINSBURYS
JS MNS CHRCTR SCKS6-11 LORD OF THE RINGS,SAINSBURYS
3PP MENS VENT FOOT SOCKS - BLA CK 6-8.5,SAINSBURYS
JS CHARACTER SOCKS. MUTTLEY 6-11,SAINSBURYS
1PP Bubblegum Footy Nut Socks 6-11,SAINSBURYS
JS WOOL RICH SOCK X3 BROWN SIZE 9-11,SAINSBURYS
1PR MNS BBBLGM FOTY NUTSOCKS - SIZE 6-11,SAINSBURYS
JS 3PP CTTN GR ANTBCTRL SZE 6- 11__FORMA,SAINSBURYS
Mickey/Incredibles Socks 9-11,SAINSBURYS
JS 5PP SPORT SOCKS 6-11 DESIGN,SAINSBURYS
JS WOOL RICH SOCK X3 BLACK SIZE 9-11,SAINSBURYS
Value School Socks Grey 6-12,SAINSBURYS
JS 3PP MEN'S TRAINER INNERSWHI TE 6 - 11,SAINSBURYS
RL PLAIN SOCKS 5PP CHAMBRAY 6-8.5,SAINSBURYS
RL PLAIN SOCK 5PP NAVY 9-11,SAINSBURYS
5PP MENS HEEL & TOE SOCKS - 11 -14,SAINSBURYS
JS HONG KONG PHOOEY CHARACTER SOCKS 6-11,SAINSBURYS
JS WOOL RICH SOCK X3 BLUE MARL SIZE 6-8.,SAINSBURYS
JS 3PP CTTN BLCK ANTBCTRL SCKS SIZE 6-11,SAINSBURYS
JS WOOL RICH SOCK X3 BROWN SIZE 6-8.5,SAINSBURYS
JS 1 PP SITTNG DCKS SCK SHUT D CK UP 6-1,SAINSBURYS
2PP MERCERICED CTTN DART SUIT SK 6-11 BK,SAINSBURYS
UMBRO 3PP MIXED LINER 6-11,SAINSBURYS
JS 1 PR PK SCOOBY DOO SOCKS6-1 1 FOOTIE,SAINSBURYS
JS WL RCH SCK X3CHARCOAL GREY SIZE 6-8.5,SAINSBURYS
JS Birthday Love Hearts,SAINSBURYS
JS Koala Birthday Balloons,SAINSBURYS
JS Birthday Bright Flowers,SAINSBURYS
JS Die Cut Birthday Cake,SAINSBURYS
JS Bees and Daisies,SAINSBURYS
JS Happy Birthday Orange Flowers,SAINSBURYS
JS Lovely you Flowers,SAINSBURYS
JS Birthday Green House,SAINSBURYS
JS Birthday rose gold,SAINSBURYS
JS birthday Boy,SAINSBURYS
JS Birthday Cut Out Rainbow,SAINSBURYS
JS Birthday Unicorn,SAINSBURYS
JS Birthday Present,SAINSBURYS
JS Alpaca in Party Hat,SAINSBURYS
JS Cottage Core Bday Lovely Heart,SAINSBURYS
JS Pastel Icons,SAINSBURYS
JS Sweet Mama You Are Magic,SAINSBURYS
JS On Your Christening Day with wreath,SAINSBURYS
JS Happy Birthday,SAINSBURYS
JS Value ¬£1 Bday Cake photo,SAINSBURYS
JS Big Birthday Wishes,SAINSBURYS
JS Magical Birthday Moon,SAINSBURYS
Js Die Cut Beer Bottles,SAINSBURYS
JS Golden Present,SAINSBURYS
JS Happy Birthday Pink Spots,SAINSBURYS
JS Sweet Mama Love Hearts,SAINSBURYS
JS Birthday Green Floral Arch,SAINSBURYS
JS Read To Bottom Of Card,SAINSBURYS
JS Coastal View,SAINSBURYS
JS Birthday Cake and Candles,SAINSBURYS
JS Uncle Happy Birhday smiling cake,SAINSBURYS
JS Man of the Moment,SAINSBURYS
JS Kraft Happy Birthday with Balloons,SAINSBURYS
JS Big Birthday Love Hearts,SAINSBURYS
JS Cottage Core Bday Treat Cake,SAINSBURYS
JS Flowers in Bottle,SAINSBURYS
JS Itchy and Scratchy Pint,SAINSBURYS
Js Iris Dark Floral,SAINSBURYS
JS Cottage Core Jelly Ice Cream,SAINSBURYS
JS Country Classics Blue Tit,SAINSBURYS
JS Cottage Core Just For You Flowers,SAINSBURYS
JS Sweet Mama Blooming Lovely Floral,SAINSBURYS
JS Neon Orange Smiley Face,SAINSBURYS
JS Grandad Happy Birthday Outline text,SAINSBURYS
JS Shes My Best Friend,SAINSBURYS
Ukg Cam Originals Rabbit,SAINSBURYS
JS Bday Health and Safety Warning,SAINSBURYS
JS Cottage Core Life Gives You Lemons,SAINSBURYS
JS Birthday Cocktails,SAINSBURYS
JS Party Like Its your Birthday,SAINSBURYS
JS Birthday cake on stand,SAINSBURYS
JS Happy Birthday Bro Shadow text,SAINSBURYS
JS Pop the Birthday Bubbles,SAINSBURYS
JS Make a wish cake,SAINSBURYS
JS Nephew Woo Hoo Birthday on stripes,SAINSBURYS
JS Beans on Toast Die Cut,SAINSBURYS
JS Stripe,SAINSBURYS
JS Colourful Marks Birthday,SAINSBURYS
Js Beer Photographic,SAINSBURYS
JS Birthday Superstar,SAINSBURYS
JS Birthday Text Mono,SAINSBURYS
JS Happy Birthday Gold Spots,SAINSBURYS
JS Happy Birthday Cat Lady,SAINSBURYS
JS Happy Birthday Gold Heart,SAINSBURYS
JS Happy Birthday to you Text,SAINSBURYS
JS Birthday Flamingos,SAINSBURYS
Js D/C White Glitter Text,SAINSBURYS
JS Ageing Get You Down,SAINSBURYS
JS Golden Cake,SAINSBURYS
JS Candles,SAINSBURYS
JS Birthday Balloons,SAINSBURYS
JS Golden Bar Cart,SAINSBURYS
JS Lads Lads Lads,SAINSBURYS
JS Happy Birthday Day,SAINSBURYS
JS Welcome Little One Balloon,SAINSBURYS
JS Cottage Core Bday Multi Floral,SAINSBURYS
JS Cottage Core Floral Bday Balloon,SAINSBURYS
JS Happy Birthday balloon,SAINSBURYS
JS Have The Best Day Scalloped Edge,SAINSBURYS
JS Cheers Beer,SAINSBURYS
JS Itchy and Scratchy Birthday Elephant,SAINSBURYS
JS Stripe,SAINSBURYS
JS Happy Birthday Dark Floral,SAINSBURYS
JS Perfume Bottle,SAINSBURYS
JS Ill Be There For You,SAINSBURYS
JS Party Animal,SAINSBURYS
JS Golden Ballons,SAINSBURYS
JS Birthday Girl,SAINSBURYS
JS Die Cut Happy Birthday to you,SAINSBURYS
JS How Old,SAINSBURYS
JS Rainbow Heart,SAINSBURYS
JS Gonna Party Like Its your Birthday,SAINSBURYS
JS Cottage Core Youre The Sweetest,SAINSBURYS
JS Party Animal Crocodile,SAINSBURYS
JS Birthday Sun,SAINSBURYS
JS Birthday Wishes Floral Butterflies,SAINSBURYS
JS The Boulevard Happy Birthday,SAINSBURYS
JS Sweet Mama Happy Birthday To You,SAINSBURYS
JS The Boulevard Just for You,SAINSBURYS
Now SKU = 117080796,DIFFERENT BY DESIGN
JS XMAS CHARACTER MUG,SAINSBURYS
Now SKU = 117379819,SAINSBURYS
Now SKU = 117383789,SAINSBURYS
TU 2 Tone Square 12 pc Dinnerware set,TU
TU 12PC BLACK SQUARE DINNER SET,TU
TU 3pk storage jars on metal tray,TU
TU 12pc mono b/w dinner set,TU
JS BAROQUE CHARGER PLATE BLUE,SAINSBURYS
JS WHITE GRAVY BOAT,SAINSBURYS
JS BAROQUE SIDE PLATE CREAM,SAINSBURYS
TU ceramic tortilla warmer,TU
Now SKU = 117344991,SAINSBURYS
Now SKU = 117385805,SAINSBURYS
TU STRATA BLACK EGG CUP,TU
Now SKU = 119041408,DIFFERENT BY DESIGN
Now SKU = 119424732,STAMFORD STREET
JS Party dish,SAINSBURYS
"TU Fine porcelain 7""coupe deep soup bowl",TU
Now SKU = 119709412,TU
Now SKU = 119478562,SAINSBURYS
TU GREEN 2TN TOAST RACK,TU
Now SKU = 117331014,SAINSBURYS
TU 16 pce Porcelain Dinnerware set,TU
TU 16 pc Porcelain Dinnerware set,SAINSBURYS
Now SKU = 119041619,DIFFERENT BY DESIGN
Now SKU = 117458795,SAINSBURYS
JS 4 PACK WHITE PORCELAIN CEREAL BOWL,SAINSBURYS
Now SKU = 117357927,SAINSBURYS
TU 12pc Reactive Glaze Dinnerware set,TU
JS WHITE PORCELAIN TEAPOT,SAINSBURYS
Now SKU = 117357951,SAINSBURYS
Now SKU = 117418793,SAINSBURYS
TU 3pk storage jars on metal tray,TU
JS 16pce Reactive glaze dinnerware set,SAINSBURYS
JS Bistro Ripples Mug,SAINSBURYS
test,TU
Now SKU = 117343859,SAINSBURYS
TU strada black egg cup,TU
CUST COMPENSATION,SAINSBURYS
EMERG CASH CONTROL,SAINSBURYS
JS turboserve bacon & cheese turnover,SAINSBURYS
Turboserve Chicken Slice,SAINSBURYS
Turboserve steak & potato slice,SAINSBURYS
Turboserve sausage roll,SAINSBURYS
Turboserve Sausage & Cheesy Bean Slice,SAINSBURYS
Turboserve Sausage & Cheese Bean Slice,SAINSBURYS
TS No Sausage Roll,SAINSBURYS
Turboserve Mature Cheddar & Onion Pasty,SAINSBURYS
DO NOT USE,SAINSBURYS
Turbo Serve Peppered Steak Slice,SAINSBURYS
JS turboserve cornish pasty 200g,SAINSBURYS
Turboserve Cheese & Tomato Turnover,SAINSBURYS
Turbo Serve Cheese & Tomato Turnover*,SAINSBURYS
JS margarita pizza snack 110g,SAINSBURYS
TS Chickpea Curry Slice,SAINSBURYS
TS Chicken & Chorizo Slice,SAINSBURYS
JS turboserve apple & sultana pie,SAINSBURYS
JS turboserve cranberry sausage roll,SAINSBURYS
JS Rotisserie Lightly Spiced Wedges*,SAINSBURYS
Turbo Serve Cheese & Tomato Turnover,SAINSBURYS
Handcrafted Pork sausage roll,SAINSBURYS
"DO NOT USESausage, Cheese and Bean Slice",SAINSBURYS
Turbo Serve Chicken & Mushroom Slice*,SAINSBURYS
Turbo Serve Pork Sausage Roll*,SAINSBURYS
Turbo Serve Chicken & Mushroom Slice,SAINSBURYS
DO NOT USE,SAINSBURYS
Turbo Serve Peppered Steak Slice*,SAINSBURYS
No Steak Slice,SAINSBURYS
Turboserve cheese & onion slice,SAINSBURYS
TurboServe Mature Cheddar & Onion Pasty*,SAINSBURYS
JS no sausage roll 150g,SAINSBURYS
JS Toffee & Vanilla 900ml,SAINSBURYS
JS Mint Choc Chip 2L,SAINSBURYS
JS Strawberry & Cream Ice Cream 900ml,SAINSBURYS
JS Tropical Fruit Frozen Yogurt 500ml,SAINSBURYS
JS Low Cal Cookie Dough Ice Cream 480ml,SAINSBURYS
Sainsburys Cookies&Cream Ice Cream900ml,SAINSBURYS
JS Strawberry Tub 900ml,SAINSBURYS
Plant Pioneers Salted Caramel 500ml,PLANT PIONEERS
TTD Mince Pie Ice Cream 500ml,TASTE THE DIFFERENCE
JS Vanilla Tub 900ml,SAINSBURYS
JS Vanilla Ice Cream 900ml,SAINSBURYS
JS Vanilla Soft Scoop Ice Cream 2L,SAINSBURYS
JS FF Iced Dessert Strawberry 500ml,FREE FROM
TTD Salted Caramel Ice Cream 480ml,TASTE THE DIFFERENCE
JS Chocolate & Hazelnut Tub 900ml,SAINSBURYS
Js Rasp Ripple Soft Scoop Ice Cream 2l,SAINSBURYS
TTD Chocolate Hazelnut Gelato Tub 370g,TASTE THE DIFFERENCE
Plant Pioneers Choc Brownie 500ml,PLANT PIONEERS
Js Rasp Trifle 900ml,SAINSBURYS
Plant Pioneers Salted Caramel Ice Cream,PLANT PIONEERS
JS Mango & Pssionfruit Frzn Yogurt 500ml,SAINSBURYS
JS Coconut Frozen Yogurt 500ml,SAINSBURYS
TTD Belgian Chocolate Ice Cream 500ml,TASTE THE DIFFERENCE
TTD Salted Caramel Latte Ice Cream 500ml,TASTE THE DIFFERENCE
JS Banoffee Ice Cream 900ml,SAINSBURYS
JS Ice Cream Roll 250g,SAINSBURYS
JS Vanilla Soft Scoop 2L (Conv),SAINSBURYS
JS Toffee Honeycomb 500ml,TASTE THE DIFFERENCE
TTD Salted Crml Brittle Ice Cream 480ml,TASTE THE DIFFERENCE
TTD Vanilla Ice Cream 500ml,TASTE THE DIFFERENCE
JS Berry&Panna Cotta Ice Cream,SAINSBURYS
TTD Lemon Curd Ice Cream 500ml,TASTE THE DIFFERENCE
JS Caramel Tub 900ml,SAINSBURYS
TTD Amarena Cherry Gelato Tub 350g,TASTE THE DIFFERENCE
TTD Van & Blackcurrant Ice Cream 480ml,TASTE THE DIFFERENCE
JS Salted Peanut & Caramel 500ml,TASTE THE DIFFERENCE
JS Tropical and Cream Ice Cream 900ml,SAINSBURYS
TTD Raspberry Ripple Ice Cream 480ml,TASTE THE DIFFERENCE
TTD Mango & Passion Fruit Sorbet 500ml,TASTE THE DIFFERENCE
JS Cookies & Cream Tub 900ml,SAINSBURYS
Js Vanilla Ice Cream Slicing Blck 1L,SAINSBURYS
JS Gingerbread Ice Cream 500ml,SAINSBURYS
JS Chocolate & Vanilla Ice Cream 900ml,SAINSBURYS
Js Dairy Vanilla Ice Cream 1L,SAINSBURYS
TTD Vanilla Ice Cream 500ml,TASTE THE DIFFERENCE
TTD Blackcurrant&Vanilla Ice Cream 480ml,TASTE THE DIFFERENCE
TTD Mince Pie Ice Cream 323ml,TASTE THE DIFFERENCE
TTD Mascarpone & Raspberry Gelato 400g,TASTE THE DIFFERENCE
JS Raspberry Sorbet 500ml,SAINSBURYS
TTD Black Forest Ice Cream 480ml,TASTE THE DIFFERENCE
Stamford Street Soft Scoop 2L,STAMFORD STREET
Sainsburys Mint Ice Cream 900ml,SAINSBURYS
Sainsburys Strawberry Ice Cream 900ml,SAINSBURYS
Js Neapolitan Soft Scoop Ice Cream 2l,SAINSBURYS
TTD Caramelized Biscuit Ice Cream 480ml,TASTE THE DIFFERENCE
JS Mango Sorbet 500ML,SAINSBURYS
TTD Strawberries & Cream Ice Cream 480ml,TASTE THE DIFFERENCE
JS Chocolate Soft Scoop Ice Cream 2l,SAINSBURYS
JS Vanilla Soft Scoop 2L,SAINSBURYS
JS Chocolate & Mint Tub 900ml,SAINSBURYS
JS Vanilla Brick Ice Cream 1L,SAINSBURYS
JS Raspberry Ripple Soft Scoop 2L,SAINSBURYS
JS TTD Coffee Ice Cream 480ml,TASTE THE DIFFERENCE
Millionaires Ice Cream Tub 900ml,SAINSBURYS
TTD Lemon Curd Ice Cream 480ml,TASTE THE DIFFERENCE
Sainsburys Chocolate Ice Cream 900ml,SAINSBURYS
JS Cookie Dough 500ml,TASTE THE DIFFERENCE
TTD Belgian Chocolate Ice Cream 480ml,TASTE THE DIFFERENCE
TTD Irish Cream Ice Cream 480ml,TASTE THE DIFFERENCE
TTD Tiramisu Gelato Tub 380g,TASTE THE DIFFERENCE
TTD Chocolate Orange Ice Cream 480ml,TASTE THE DIFFERENCE
TTD White Choc Raspberry Ice Cream 480ml,TASTE THE DIFFERENCE
TTD Vanilla Ice Cream 480ml,TASTE THE DIFFERENCE
Plant Pioneers Chocolate Brownie Ice Cr,PLANT PIONEERS
JS Choc Brownie 500ml,TASTE THE DIFFERENCE
Sainsburys Vanilla Ice Cream 900ml,SAINSBURYS
TTD Peanut & Caramel Gelato Tub 370g,TASTE THE DIFFERENCE
TTD Salted Caramel Ice Cream 500ml,TASTE THE DIFFERENCE
Sainsburys Salted Caramel IceCream 900ml,SAINSBURYS
TTD Farmhouse Toffee Ice Cream 500ml,TASTE THE DIFFERENCE
JS Rasp & Peach Melba Ice Cream 900ml,SAINSBURYS
JS Chocolate Soft Scoop 2L,SAINSBURYS
JS Neapolitan Soft Scoop 2L,SAINSBURYS
JS Lemon Sorbet 500ml,SAINSBURYS
TTD Salted Caramel Ice Cream 500ML,TASTE THE DIFFERENCE
TTD Blonde Chocolate Ice Cream 480ml,TASTE THE DIFFERENCE
Js Cornish Dairy Ice Cream 2L,SAINSBURYS
TTD Salted Caramel Ice Cream 480ml,TASTE THE DIFFERENCE
JS Cookie Dough 500ml,TASTE THE DIFFERENCE
JS Low Cal Salted Caramel Ice Cream480ml,SAINSBURYS
Lovetts Vanilla Flavour Soft Scoop 2L,SAINSBURYS
JS Panna Cotta & Berries Tub 900ml,SAINSBURYS
TTD Blckcurrnt & Vanilla Ice Cream 500ml,TASTE THE DIFFERENCE
JS Salted Peanut & Caramel  500ml,TASTE THE DIFFERENCE
JS Natural Frozen Yogurt 500ml,SAINSBURYS
TTD Cherry & Amaretto Ice Cream 500ml,TASTE THE DIFFERENCE
JS Mixed Berry & Cream Ice Cream 900ml,SAINSBURYS
JS Chocolate Tub 900ml,SAINSBURYS
TTD Caramelised Orange & Cranberry 500ml,TASTE THE DIFFERENCE
TTD Rhubarb & Custard Ice Cream 480ml,TASTE THE DIFFERENCE
TTD Chocolate Ice Cream 500ml,TASTE THE DIFFERENCE
JS Mountains in the stars scene,SAINSBURYS
JS FSC -Word up-  Dad,SAINSBURYS
JS plant pots pink hair attachment,SAINSBURYS
JS Lion and cub daddy,SAINSBURYS
JS King for a day crown,SAINSBURYS
JS 'DAD' blue checkard,SAINSBURYS
JS Dad you old fart,SAINSBURYS
JS Copper foil on floral cut out dad,SAINSBURYS
JS To my dad with beers- cheers!,SAINSBURYS
JS FSC - Hector - Dad,SAINSBURYS
JS FSC - Vintage - Open,SAINSBURYS
JS blue and green rosette,SAINSBURYS
JS FSC -You Rock - Dad,SAINSBURYS
JS FSC - Festive Fonts - Open,SAINSBURYS
JS Block Text Happy Fathers Day,SAINSBURYS
JS Off Duty Dad design,SAINSBURYS
JS Open Arms Pub,SAINSBURYS
JS Do I look like I'm made of money,SAINSBURYS
JS Bank of dad wallet,SAINSBURYS
JS FSC -Festive Fonts - Open,SAINSBURYS
JS Hero Spring Tip On,SAINSBURYS
JS FSC - Retro - Dad,SAINSBURYS
JS Bears Paper Plane competition,SAINSBURYS
JS Grandad your amazing rossette,SAINSBURYS
JS Super Dad with Badge,SAINSBURYS
JS FSC -King for a Day - Dad,SAINSBURYS
JS FSC - Travel - Dad,SAINSBURYS
JS Octopus in glasses grandad,SAINSBURYS
JS Little Tykes Daddy From Daughter,SAINSBURYS
JS FSC - Chic a boo - Dad,SAINSBURYS
JS Flags no. 1 fella,SAINSBURYS
JS Spinning planet best dad,SAINSBURYS
JS FSC - Kooky - Open,SAINSBURYS
JS FSC - Tags & Twine -Open,SAINSBURYS
Tip pon dad on grey,SAINSBURYS
JS I 'heart' Dad,SAINSBURYS
JS Dog in Campervan,SAINSBURYS
JS FSC -Travel - Dad,SAINSBURYS
JS Sorry I still live at home,SAINSBURYS
JS Roarsome Daddy,SAINSBURYS
JS Watercolour fishing scene grandad,SAINSBURYS
JS Grandad lettering,SAINSBURYS
JS FSC - Just my Type - Open,SAINSBURYS
JS Gold trophy on craft Dad,SAINSBURYS
JS FSC - Little Tykes - Daddy,SAINSBURYS
JS Dad fold out map,SAINSBURYS
JS I love you daddy with monkey,SAINSBURYS
JS Dog Illustration on spotty,SAINSBURYS
JS Monster Replacement Grandkids,SAINSBURYS
JS Monsters Movable Hat,SAINSBURYS
JS beans on toast,SAINSBURYS
JS Record Player you rock dad,SAINSBURYS
JS Daddy from Daughter,SAINSBURYS
JS Little Tykes Daddy From Son,SAINSBURYS
JS Big Kid and Little Kid badges,SAINSBURYS
JS FSC -Stripes - Open,SAINSBURYS
JS Circles and flaps rad dad,SAINSBURYS
JS Gnomes swinging grandchildren,SAINSBURYS
JS FSC - Font Fantastic - Dad,SAINSBURYS
JS FSC - Hand drawn - Open,SAINSBURYS
JS Die Cut No. 1 Dad,SAINSBURYS
JS Die Cut King of sofa,SAINSBURYS
JS 'DAD' tipped on with sequins,SAINSBURYS
JS Daddy from son,SAINSBURYS
JS FSC -Vignette- Open,SAINSBURYS
JS Beer bottles tip on dad,SAINSBURYS
JS Tin Of Beans Farters Day,SAINSBURYS
JS Gold font on Green Daddys girl,SAINSBURYS
JS Holo Dad Balloon,SAINSBURYS
JS FSC -Chic a Boo Signs & Symbols,SAINSBURYS
JS Pop Out Toolbox,SAINSBURYS
JS FSC - Just my Type - Grandad,SAINSBURYS
JS Gold Heart with trace thank you,SAINSBURYS
JS Medal Personalised Grandad,SAINSBURYS
JS FSC -Googly Eyes - Daddy from Son,SAINSBURYS
JS- Vintage Charm - Open,SAINSBURYS
JS Garden Icons,SAINSBURYS
JS FSC - Nostalgic Photographic - Open,SAINSBURYS
JS FSC - The Very Things - Open,SAINSBURYS
JS FSC - Draw the Line - Open,SAINSBURYS
JS FSC - Chic a boo - Dad,SAINSBURYS
JS Animals in pop up car dad,SAINSBURYS
JS DAD' lettering on blue background,SAINSBURYS
JS Classic Car Trace,SAINSBURYS
JS FSC - Promenade Beach Huts-  Dad,SAINSBURYS
JS FSC -Draw the Line - Dad,SAINSBURYS
JS Loo Roll king of throne,SAINSBURYS
JS Sunflower growing from pot,SAINSBURYS
JS Best Dad Happpy Fathers Day,SAINSBURYS
JS Tape casette Dad,SAINSBURYS
JS Pop Up Llama,SAINSBURYS
JS Tip on tags with string,SAINSBURYS
JS FSC - Letterpress -Open,SAINSBURYS
JS Framed harbour scene,SAINSBURYS
JS Tip on Green house grandad,SAINSBURYS
JS Dad Happy Fathers Day Green,SAINSBURYS
JS Shark mouth youre jawesome,SAINSBURYS
JS Favourite things icons dad,SAINSBURYS
JS Chilli Sauce Tip On,SAINSBURYS
JS die cut dogs bestest dad,SAINSBURYS
JS Your Ace Cards,SAINSBURYS
JS Best Dad Award Badge on stripe,SAINSBURYS
JS Framed Pub scene,SAINSBURYS
JS Elephant and baby,SAINSBURYS
JS Shark in star glasses Dad,SAINSBURYS
JS Love You Dad Script,SAINSBURYS
JS Dog wth glasses and bow tie grandad,SAINSBURYS
JS Blue Stilton Wedge 400g,SAINSBURYS
JS Cheddar & Onion Truckle 90g,SAINSBURYS
TTD Festive Whipped Brie 220g,TASTE THE DIFFERENCE
TTD Cheese & Chutney Gift Set 518g,TASTE THE DIFFERENCE
JS Wensleydale & Cranberry Truckle 90g,SAINSBURYS
TTD Barbers Vintage Cheddar Truckle 200g,TASTE THE DIFFERENCE
TTD British Cheese Tower 1.02kg,TASTE THE DIFFERENCE
TTD British Cheese Selection 530g,TASTE THE DIFFERENCE
TTD Chilli & Cranberry Cheese Star 200g,SAINSBURYS
TTD Cave Aged Farmhouse Cheddar 600g,TASTE THE DIFFERENCE
TTD Camembert Wreath 485g,TASTE THE DIFFERENCE
TTD Plantbased Truffle Bake 150g,FREE FROM
TTD Festive Wensleydale Truckle 150g,SAINSBURYS
JS Smoky Red Leicester Truckle 90g,SAINSBURYS
TTD Stilton Jar 225g,SAINSBURYS
JS Cheeseboard Bites 450g,SAINSBURYS
TTD Garlic Cranberry Baking Brie 255g,TASTE THE DIFFERENCE
JS French Brie 470g,SAINSBURYS
JS Double Gloucester Truckle 90g,SAINSBURYS
JS WYCHWOOD CHESHIRE BLUE 250G,SAINSBURYS
JS RED LEICESTER & FESTIVE CHUTNEY 200G,SAINSBURYS
JS Festive Cheese Selection 400g,SAINSBURYS
JS Goats cheese 70g,SAINSBURYS
JS Novelty Cheese Shapes 204g,SAINSBURYS
TTD Cave Aged Mature Cheddar 400g,TASTE THE DIFFERENCE
JS Cheddar Oatcake & Relish Gift Pack,SAINSBURYS
JS Heritage Cheese Selection 1.1kg,SAINSBURYS
JS CHESHIRE WITH MANDARIN TRUCKLE 200G,SAINSBURYS
TTD Brie aux Truffles 280g,TASTE THE DIFFERENCE
TTD Festive Cheesemonger Selection 495g,TASTE THE DIFFERENCE
White Stilton Fruit Christmas Boot 250g,SAINSBURYS
JS WHISKEY & CHEDDAR MINI GIFT,SAINSBURYS
TTD Stilton Gift Pack 200g,SAINSBURYS
PLNTPNR WENSLEYDALE STYLE & CRANBRY 100G,PLANT PIONEERS
JS Wensleydale & Cranberry Truckle100g,SAINSBURYS
JS OAK SMOKED BRIE 400G,SAINSBURYS
TTD Goats Cheese Selection 100g,TASTE THE DIFFERENCE
TTD MINI BAKING CAMEBERTS 280G dummy,TASTE THE DIFFERENCE
PLANT PIONEERS SELECTION 280G,PLANT PIONEERS
TTD Fig & Port Baking Camembert 280g,TASTE THE DIFFERENCE
JS RED LEICESTER & ONION STAR 150G,SAINSBURYS
JS Cheddar Onion Truckle 100g,SAINSBURYS
JS Mini Port & Stilton Gift,SAINSBURYS
JS Mini Cornish Brie 70g,SAINSBURYS
TTD Cheese & Wine,TASTE THE DIFFERENCE
JS Red Wine & Cheese Gift,SAINSBURYS
JS Cheese Star 450g,SAINSBURYS
JS Ale & Cheese Gift,SAINSBURYS
Plant Pioneers Cheese Selection 400g,PLANT PIONEERS
JS Whole Baby Stilton 2kg,SAINSBURYS
JS Cider & Cheese Gift,SAINSBURYS
TTD BAKING CAMEMBERT 620G,TASTE THE DIFFERENCE
JS CHEDDAR & CHERRYBELL PEPPERS 200G,SAINSBURYS
TTD St Endellion Brie 460g,TASTE THE DIFFERENCE
JS Chilli Cheese lovers pack 560g,SAINSBURYS
TTD Cheese & Wine Gift Pack,TASTE THE DIFFERENCE
JS ROSE WINE & CHEESE GIFT PACK,SAINSBURYS
TTD Blue D'Affinois 180g,TASTE THE DIFFERENCE
TTD Fromager Excellence Triple Cream185g,TASTE THE DIFFERENCE
JS Double Gloucester & Chive Truckle 80g,SAINSBURYS
TTD Mini Dovedale 350g,TASTE THE DIFFERENCE
TTD Red Leicester Large truckle 400g,TASTE THE DIFFERENCE
JS TRUCKLES TRIPLE SELECTION PACK 300g,SAINSBURYS
JS smoky cheddar Truckle 100g,SAINSBURYS
TTD Cheeseboard Bites 450g,TASTE THE DIFFERENCE
JS CAMBOZOLA 400G,SAINSBURYS
TTD Barber Cruncher Cheddar Truckle 400g,TASTE THE DIFFERENCE
JS XMAS TREE CHEESE BITES 320G,SAINSBURYS
JS Port&Stilton Gift pack,SAINSBURYS
JS Christmas Cheese Board,SAINSBURYS
JS Farmhouse Cheddar Truckle 100g,SAINSBURYS
TTD Cheddar & Vodka Gift,TASTE THE DIFFERENCE
PLANT PIONEERS NO CHEESE BAKE 150G,PLANT PIONEERS
"JS Port, Stilton & Cheddar Gift Pack",SAINSBURYS
JS CHILLI CHEDDAR TRUCKLE 100g,SAINSBURYS
JS 3 Cheese Selection 270g,SAINSBURYS
TTD Christmas Cheese stack,TASTE THE DIFFERENCE
JS Regional Cheese Selection,SAINSBURYS
TTD Cheeseboard 466g,TASTE THE DIFFERENCE
WILLOW BASKET,SAINSBURYS
"JS Cheddar, Garlic & Herb Truckle 100g",SAINSBURYS
JS caramelised cheddar&onion mitten 250g,SAINSBURYS
TTD Brie De Meaux 650g,TASTE THE DIFFERENCE
JS FRENCH CAMEMBERT 350G,SAINSBURYS
TTD Blue Stilton Centrepiece 590g,TASTE THE DIFFERENCE
JS CHEDDAR & CARAMELISED ONION 400G,SAINSBURYS
JS CHEESE TOWER 450G,SAINSBURYS
JS Wensleydale & Apricot Truckle 100g,SAINSBURYS
JS Stilton Wedge 454g,SAINSBURYS
JS ORKNEY CHEDDAR TRUCKLE 400G,SAINSBURYS
TTD Fig & Port Baking Camembert 570G,TASTE THE DIFFERENCE
TTD Baking Cam Bberry&SlowGin 290g,TASTE THE DIFFERENCE
JS Snowy the Cheeseman 140g,SAINSBURYS
TTD Smoked Shropshire Red 205g,TASTE THE DIFFERENCE
JS santa cheese & tipple,SAINSBURYS
JS Cheddar Chilli & Honey Truckle 150g,SAINSBURYS
JS CREAMY BLUE STILTON JAR  250g,SAINSBURYS
JS CHRISTMAS CHEESE AND WINE TRAY,SAINSBURYS
TTD Gevrik 200g,TASTE THE DIFFERENCE
JS Iceberg Lettuce 200g,SAINSBURYS
JS House Salad Bowl 300g,SAINSBURYS
JS Wild Rocket 60g,SAINSBURYS
JS BGTY S/Salt & B/Pepper Croutons 100g,BE GOOD TO YOURSELF
JS Tom & Italian Cheese Salad Bowl 140g,SAINSBURYS
Sainsburys Little Gem 150g,SAINSBURYS
TTD Sweet Chilli Beetroot 200g,TASTE THE DIFFERENCE
JS Caesar Salad Kit 265g,SAINSBURYS
JS Tom & Italian Cheese Salad Bowl 140g,SAINSBURYS
JS Garlic & Herb Dressing 150ml,SAINSBURYS
JS Honey & Mustard Dressing 150ml,SAINSBURYS
JS Classic Salad Bowl 165g,SAINSBURYS
JS Beetroot In Malt Vinegar 300g,SAINSBURYS
JS Sweet & Crispy Salad Bowl 220g,SAINSBURYS
JS BGTY Caesar Salad Kit 265g,BE GOOD TO YOURSELF
JS Sweet Leaf Salad 250g,SAINSBURYS
TTD Orange and Cinnamon Beetroot 200g,TASTE THE DIFFERENCE
TTD Cocktail Beetroot 200g,TASTE THE DIFFERENCE
SO Organic Babyleaf & Rocket Salad 60g,SO ORGANICS
TTD Fig & Balsamic Beetroot 200g,TASTE THE DIFFERENCE
"JS Spinach, Watercress & Rocket 80g",SAINSBURYS
JS Caesar Dressing 150ml,SAINSBURYS
SO Organic Vacuum Packed Beetroot 250g,SO ORGANICS
SO Organic Watercress 80g,SO ORGANICS
JS Lambs Lettuce 60g,SAINSBURYS
JS Watercress 80g,SAINSBURYS
JS Mixed Leaf Salad 200g,SAINSBURYS
JS Vacuum Pack Beetroot 500g,SAINSBURYS
JS Italian Style Salad 180g,SAINSBURYS
JS Ranch Style Dressing 150ml,SAINSBURYS
JS Sea Salt & Black Pepper Croutons 100g,SAINSBURYS
JS Italian Style Salad 100g,SAINSBURYS
JS French Style Dressing 150ml,SAINSBURYS
JS Thai style rainbow ribbon bowl 140g,SAINSBURYS
JS Bistro Salad 150g,SAINSBURYS
JS Garlic & Herb Croutons 100g,SAINSBURYS
JS Coleslaw Kit 300g,SAINSBURYS
JS Green Salad with Croutons 165g,SAINSBURYS
JS Baby Leaf Salad 90g,SAINSBURYS
JS Baby Leaf Spinach 100g,SAINSBURYS
JS Butterhead Salad 80g,SAINSBURYS
JS Ginger Puree  40g,SAINSBURYS
JS Baby Leaf Watercress 110g,SAINSBURYS
SO Organic Spinach 100g,SO ORGANICS
JS MEDITERRANEAN SALAD BOWL 148g,SAINSBURYS
JS Sea Salt & Black Pepper Croutons 40g,SAINSBURYS
JS Vacuum Pack Beetroot 250g,SAINSBURYS
TTD Lebanese Style Salad Bowl 170g,TASTE THE DIFFERENCE
TTD POMODORINO TOM SIDE SLD BOWL 175G,TASTE THE DIFFERENCE
SO Organic Spinach 160g,SO ORGANICS
JS Twin Pack Wild Rocket 2x40g,SAINSBURYS
JS French Style Dressing 180ml,SAINSBURYS
JS SE SMOKY COLESLAW KIT 300g,SAINSBURYS
JS BGTY Caesar Dressing 150ml,BE GOOD TO YOURSELF
JS wild rocket 120g,SAINSBURYS
TTD AROMATIC SALAD WITH BABY BASIL 60G,TASTE THE DIFFERENCE
JS Greek Style Salad Bowl 182g,SAINSBURYS
Sainbury's Organic Four Leaf Salad  150g,SO ORGANICS
JS Beetroot Pouch 330g,SAINSBURYS
JS ITALIAN STYLE SALAD 160G,SAINSBURYS
JS FRESH CAESAR SALAD DRESSING 175ML,SAINSBURYS
"JS Watercress, Spinach & Rocket 170G",SAINSBURYS
JS Tomato & Mozzarella Salad Bowl 130g,SAINSBURYS
JS Avocado & Goats Cheese Salad Bwl 200g,SAINSBURYS
JS PEA SHOOTS 50G,SAINSBURYS
JS feta & squash salad bowl 150g,SAINSBURYS
JS Ranch Salad Kit 233g,SAINSBURYS
Sainsbury's Club Salad 200g,SAINSBURYS
JS Goats Cheese & Beetroot Salad 135g,SAINSBURYS
JS Pea Shoot & Babyleaf Salad 80g,SAINSBURYS
JS Samphire & Babyleaf Salad 75g,SAINSBURYS
JS Cocktail Beetroot 200g,SAINSBURYS
JS TTD SE PEA & MINT SALAD KIT 155g,TASTE THE DIFFERENCE
JS Garlic Puree 40g,SAINSBURYS
JS Superfood Salad 100g,SAINSBURYS
TTD Sweet Smokey Shredded Beetroot 200g,TASTE THE DIFFERENCE
JS Mixed Baby Kale 80g,SAINSBURYS
Sainsbury's Organic Herb Salad 100g,SO ORGANICS
JS ITALIAN STYLE SALAD 110G,SAINSBURYS
JS Sweet Chilli&Coriander Dressing 180ml,SAINSBURYS
JS Chard Duo 80g,SAINSBURYS
Js Wild Rocket 120g,SAINSBURYS
JS Greek Salad Bowl 135g,SAINSBURYS
BY JS Bramble Bistro Salad Kit 180g,SAINSBURYS
TTD GOLDEN BEETROOT 180G,TASTE THE DIFFERENCE
JS WILD ROCKET LEAVES 70G,SAINSBURYS
JS BGTY Mango & Chilli Dressing 180ml,BE GOOD TO YOURSELF
JS Balsamic and Olive Oil Dressing 150ml,SAINSBURYS
JS Sweet Chilli Beetroot 200g,SAINSBURYS
JS Mediterranean Style Salad Bowl 168g,SAINSBURYS
JS Watercress Twin Pack 2x 40g,SAINSBURYS
JS LARGE COSMOPOLITAN SALAD 200G,SAINSBURYS
JS Sweet & Crispy Salad 175g,SAINSBURYS
JS Green Goodness Salad 175g,SAINSBURYS
JS ICEBERG LETTUCE 270G,SAINSBURYS
JS Caesar Dressing 180ml,SAINSBURYS
Js Cosmopolitan Salad 70g,SAINSBURYS
TTD Vietnamese Style Salad Bowl 250g,TASTE THE DIFFERENCE
Js Greek Style Salad Bowl 220g,SAINSBURYS
JS Mediterranean style salad bowl 140g,SAINSBURYS
JS BGTY French Style Dressing 180ml,BE GOOD TO YOURSELF
JS Basil Puree 40g,SAINSBURYS
Js Honey & Mustard Dressing 180ml,SAINSBURYS
JS Cheese & Onion Croutons 100g,SAINSBURYS
JS SE BBQ RANCH SALAD KIT 224g,SAINSBURYS
JS EVERYDAY CLASSIC SALAD BOWL 335G,SAINSBURYS
JS WATERCRESS SPINACH ROCKET SALAD 100G,SAINSBURYS
TTD Moroccan Style Salad Bowl 170g,TASTE THE DIFFERENCE
Js Caesar Salad Bowl 180g,SAINSBURYS
JS Cheese & Onion Croutons 100g,SAINSBURYS
JS Butterhead salad 120g,SAINSBURYS
JS Coriander Puree 40g,SAINSBURYS
JS TTD Powerful & Punchy Salad 80g,TASTE THE DIFFERENCE
TTD Pomodorino Tom & Pepper Salad 191g,TASTE THE DIFFERENCE
JS BGTY Caesar Dressing 180ml,BE GOOD TO YOURSELF
JS WATERCRESS LEAVES 75G,SAINSBURYS
JS mozzarella & flower blossom bowl 130g,SAINSBURYS
JS ITALIAN STYLE SALAD 100G,SAINSBURYS
Js House Salad Bowl 400g,SAINSBURYS
JS Rainbow Rocket Salad 300g,SAINSBURYS
Js Pea Shoots 60g,SAINSBURYS
TTD SE Babyleaf and Samphire Salad 75g,TASTE THE DIFFERENCE
"JS Coconut, Chilli & Lime Dressing 150ml",SAINSBURYS
JS Alfresco Salad 200g,SAINSBURYS
Sainsbury's Italian Pasta Salad 210g,SAINSBURYS
SO Organic House Salad Bowl 110g,SO ORGANICS
JS Simple Salad Bowl 125g,SAINSBURYS
JS SE Sriracha Dressing 150ml,SAINSBURYS
JS Italian Style Balsamic Dressing 180ml,SAINSBURYS
Ttd Zesty Mixed Leaf Salad Kit 110g,TASTE THE DIFFERENCE
JS SE PLOUGHMANS BOWL 280g,SAINSBURYS
JS Smoky BBQ Shredded Beetroot 180g,SAINSBURYS
JS Prawn Cocktail Salad 310g,SAINSBURYS
JS Garden Salad Bowl 110g,SAINSBURYS
JS Asian Salad Kit 225g,SAINSBURYS
JS Samphire & Babyleaf Salad 75g,SAINSBURYS
JS Lemongrass Puree 40g,SAINSBURYS
JS Simple Babyleaf Salad 90g,SAINSBURYS
JS hot smoked salmon salad bowl 200g,SAINSBURYS
JS Lemon & Basil Dressing 150ml,SAINSBURYS
TTD Greek salad Bowl 165g,TASTE THE DIFFERENCE
JS Harissa & Seed Salad Bowl 105g,SAINSBURYS
JS Bistro Salad 120g,SAINSBURYS
JS Italian Style Ciabatta Croutons 100g,SAINSBURYS
TTD Tomato & Mozzarella Salad Bowl 160g,TASTE THE DIFFERENCE
Sainsbury's Chicken Caesar Salad 200g,SAINSBURYS
Js Tomato & Mozarella Salad Bowl 220g,SAINSBURYS
JS COSMOPOLITAN SALAD 80G,SAINSBURYS
Js Italian Style Salad 80g,SAINSBURYS
SO Organic wild rocket 60g,SO ORGANICS
JS Mixed Leaf & Mozzarella Salad 170g,SAINSBURYS
Sainsbury's Romaine 150g,SAINSBURYS
Js Mixed Leaf Salad 90g,SAINSBURYS
JS Sweet & Crunchy Large Bowl 340g,SAINSBURYS
TTD PEA LEAF SALAD WITH BABY MINT 80G,TASTE THE DIFFERENCE
JS Honey & Mustard Chicken Salad 300g,SAINSBURYS
JS French Style Salad 100g,SAINSBURYS
JS Chilli Puree 40g,SAINSBURYS
TTD Sweet Piquillo Pepper Salad Bowl 150,TASTE THE DIFFERENCE
JS Crunchy Slaw Bowl 175g,SAINSBURYS
JS Italian Style Salad Bowl 130g,SAINSBURYS
BY JS Sweet Babyleaf Salad Kit 168g,SAINSBURYS
JS PEA SHOOTS 80g,SAINSBURYS
JS Shredded Iceberg 130g,SAINSBURYS
TTD Free Range Golden Yolk Eggs x12,TASTE THE DIFFERENCE
TTD Free Range Eden Maran Brown Eggs x6,TASTE THE DIFFERENCE
SO Organic Mixed Eggs x12,SO ORGANICS
TTD Free Range Golden Yolked Eggs X6,TASTE THE DIFFERENCE
JS NI Free Range Large Eggs x12,SAINSBURYS
JS Free Range Medium Eggs X12,SAINSBURYS
TTD Free Range White Golden Yolk Egg X6,TASTE THE DIFFERENCE
Js Free Range Large Eggs x6,SAINSBURYS
TTD Blue Free Range Eggs x6,TASTE THE DIFFERENCE
Js Free Range Medium Eggs x6,SAINSBURYS
JS Free Range V Large Eggs X6,SAINSBURYS
Stamford Street FR Mixed Weight Eggs x10,STAMFORD STREET
JS Free Range Eggs medium x 15,SAINSBURYS
SO Organic Medium  Eggs x6,SO ORGANICS
JS Free Range Large Eggs X12,SAINSBURYS
SO Organic Very large egg x6,SO ORGANICS
SO Organic Large Eggs x6,SO ORGANICS
JS DOUBLE YOLK EGGS LARGE X6,SAINSBURYS
JS Basics Eggs X18 (Barn),EPP
JS WOODLAND FREE RANGE EGGS MEDIUM X18,SAINSBURYS
JS BARN EGGS LRG X6 (NORTHERN IRELAND),SAINSBURYS
JS MED FREE RANGE EGGS X12 NTHRN IRELAND,SAINSBURYS
JS MEDIUM BARN EGGSX6 (NORTHERN IRELAND),SAINSBURYS
JS FR Mixed Weight eggs x15,SAINSBURYS
JS Free Range Medium Eggs X12,SAINSBURYS
JS MED FREE RANGE EGGSX6 NRTHERN IRELAND,SAINSBURYS
JS FRESH EGGS VERY LARGE X6,SAINSBURYS
JS XTRA LRG FRESH EGGSX6 NRTHERN IRELAND,SAINSBURYS
JS FRESH EGGS MEDIUM X6,SAINSBURYS
JS LOW PRICE EGGS X 6 (NORTHERN-IRELAND),EPP
JS BASICS BARN EGGS X15,EPP
JS Free Range Large Eggs X12 Shipper,SAINSBURYS
SO Organic Very large egg x6,SO ORGANICS
JS MEDIUM FRESH EGGS X6 NORTHERN IRELAND,SAINSBURYS
JS FR Mixed Weight eggs x20,SAINSBURYS
JS FRESH EGGS  LARGE X6,SAINSBURYS
JS LARGE FRESH EGGS X12 NORTHERN IRELAND,SAINSBURYS
JS Basics Eggs x6 (Barn),EPP
JS LOW PRICE EGGS X12 (NORTHERN-IRELAND),STAMFORD STREET
Js Ni free range mix weight x6,SAINSBURYS
JS LRG FREE RANGE EGGS X12 NTHRN IRELAND,SAINSBURYS
JS NI Free Range Large Eggs x6,SAINSBURYS
JS LARGE FREE RANGE EGGSX6 NTHRN IRELAND,SAINSBURYS
JS LARGE FRESH EGGS X6 NORTHERN-IRELAND,SAINSBURYS
JS XTRA LRG FREE RNG EGGSX6 NTHRN IRELND,SAINSBURYS
JS MW Super Eggs x6,SAINSBURYS
JS BARN EGGS VLARGE X6 (NRTHERN IRELAND),SAINSBURYS
JS Basics x 15 egg (Barns),EPP
JS BASICS BARN EGGS X6,EPP
JS NI FR Very Large Eggs x6,SAINSBURYS
Js Basics Mixed Eggs x6,EPP
JS BARN EGGS LRG X12 (NORTHERN IRELAND),SAINSBURYS
JS NI Free Range Med Eggs x6,SAINSBURYS
JS Free Range Mix weight x6,SAINSBURYS
JS FRESH EGGS LARGE X12,SAINSBURYS
JS NI Free Range Med Eggs x12,SAINSBURYS
Js FR Medium Eggs X15 for x12,SAINSBURYS
JS MEDIUM BARN EGGS X12,SAINSBURYS
deep filled pork & apple sausage roll,SAINSBURYS
Jumbo sausage roll 145g,SAINSBURYS
JS Cocktail of mixed olives,SAINSBURYS
Walkers Cranberry Topped Pork Pie 440g,BRANDED
Mini Melton Mowbray pork pie,SAINSBURYS
Mixed olives with Greek feta,SAINSBURYS
Higgidy Butternut Squash Parcel 90g,BRANDED
Henry Walker lattice pork pie,SAINSBURYS
Pork&sweet onion chutney sausage roll,SAINSBURYS
jellied eels,SAINSBURYS
"Chicken, ham and leek pie",SAINSBURYS
TtD Stilton & Apricot Pork Pie 459g,TASTE THE DIFFERENCE
Cheddar & Caramelised Onion Veggie Roll,SAINSBURYS
Higgidy Melton Mowbray Pork Pie 140g,BRANDED
JS Pork & Cranberry with Gin Roll 160g,SAINSBURYS
Handcrafted Steak & Ale Pie 210g,SAINSBURYS
JS seafood salad,SAINSBURYS
Higgidy Cheddar & Tomato Quiche 155g,BRANDED
"Higgidy F. Chicken, Ham & Leek Pie 1200g",BRANDED
Higgidy Spinach& Red Pepper Quiche 1000g,BRANDED
Higgidy Spicy Pepper Frittata 150g,BRANDED
Higgidy Roasted Med Veg Quiche 1000g,BRANDED
"Mature Cheddar, onion and pickle quiche",SAINSBURYS
JS Scotch egg,SAINSBURYS
Salmon & Broccoli Quiche,SAINSBURYS
JS Cranberry Chutney topped pie,SAINSBURYS
Higgidy Quiche Lorraine 1kg,BRANDED
Higgidy Roasted Med Veg Quiche 125g,BRANDED
Spicy Cheese & Pepper Tortilla,SAINSBURYS
Chargrilled Sweetcorn Dip 160g,SAINSBURYS
Walkers cranberry topped pork pie,SAINSBURYS
"Spinach,feta&roasted red pepper tartlet",SAINSBURYS
Dressed Kalamata olives,SAINSBURYS
Queen green olives with pepper & chilli,SAINSBURYS
Higgidy Ham Hock & Mustard Quiche 1000g,BRANDED
Smoky Bacon and Cheddar Tartlet,SAINSBURYS
Higgidy Miso Mushroom Parcel 90g,BRANDED
Higgidy Cheese & Chive Slice,SAINSBURYS
Queen green olives stuffed with garlic,SAINSBURYS
JS Deli Jumbo sausage roll,SAINSBURYS
Christmas pie decorations,SAINSBURYS
JS Spanish hojiblanca black olives,SAINSBURYS
Ricotta Stuffed Rainbow cherry pepp145g,SAINSBURYS
Chilli & Coriander Prawns,SAINSBURYS
Higgidy Ind. Chicken Ham Pie 180g,BRANDED
Queen Green Olives with Paprika 750g,SAINSBURYS
Pea & Ricotta quiche 155g,SAINSBURYS
Js Pork & Apricot Roll 160g,SAINSBURYS
Queen green olives with herbs,SAINSBURYS
Higgidy Chestnut & Mushroom V Roll 130g,BRANDED
Mulled Plum Chutney Topped Pork Pie 150g,SAINSBURYS
Nocellara olives,SAINSBURYS
Cranberry Topped Cutting Pork Pie,SAINSBURYS
Salt & Pepper calamari 100g,SAINSBURYS
"Chicken, Bacon & Cranberry Stuffing Pie",SAINSBURYS
Higgidy Abergaveny Goats Cheese Tart 1kg,BRANDED
Higgidy Large Fluted Pork Pie 440g,BRANDED
Sweet Chilli Salmon Bites,SAINSBURYS
Melton Mowbray pork pie,SAINSBURYS
"Higgidy Cheese, Pickle and Pork Pie 140g",BRANDED
Spanish Olive Mix 750g,SAINSBURYS
Cranberry Topped Pork Pie,SAINSBURYS
Higgidy Brie and chutney Quiche 155g,BRANDED
Mixed antipasti,SAINSBURYS
"Hand layered pork, chicken and ham pie.",SAINSBURYS
Handcrafted Pork Sausage Roll 140g,SAINSBURYS
Quiche Lorraine,SAINSBURYS
Cornish pasty,SAINSBURYS
Walkers Cranberry Topped Pork Pie,BRANDED
MA Test,SAINSBURYS
Mediterranean Salad 750g,SAINSBURYS
Higgidy Pork & Mustard Sausage Roll 130g,BRANDED
Premium scotch egg,SAINSBURYS
Mozzarella Pearls & Basil Pesto 160g,SAINSBURYS
Higgidy Sweet Potato Parcel 90g,BRANDED
"Higgidy Spinch, Feta &Pepper Quiche 125g",BRANDED
"JS Pork, Sage & Onion P/Pie 65g",SAINSBURYS
JS Manzanilla stuffedpimento w garl&pars,SAINSBURYS
"Higgidy Cheddar,onion pickle Quiche 125g",BRANDED
JS Sunblush  tomatoes,SAINSBURYS
JS turkeybacon and fruit stffng pie 228g,SAINSBURYS
Bramley apple pork pie,SAINSBURYS
Higgidy Pork and Sage Sausage Roll 130g,BRANDED
Js Dept 113 Sampling Commodity,SAINSBURYS
Js Crmlisd Red Onion Chtny Tppd Pie 150g,SAINSBURYS
Higgidy Cauliflower and Cheese Pie,BRANDED
"Pork, pickle and cheese mini pork pies",SAINSBURYS
Ricotta stuffed cherry peppers,SAINSBURYS
Marinated anchovies,SAINSBURYS
Pork and egg gala pie,SAINSBURYS
JS Chilli peppers stufd with soft cheese,SAINSBURYS
Walkers Cranberry topped Pie,BRANDED
JS pancetta and gruyere tartlet,SAINSBURYS
Smoked Mackerel Fillets,SAINSBURYS
Handcrafted Chicken & Ham Hock Pie 210g,SAINSBURYS
Sunsoaked tomatoes,SAINSBURYS
JS Tomato & Cheddar Tartlet 160g,SAINSBURYS
JS goat's cheese & tomato tartlet,SAINSBURYS
Higgidy Spicy Cherrybell & Feta Tortilla,SAINSBURYS
JS Spanish Manzanilla green olives,SAINSBURYS
Higgidy Salmon & Broccoli Quiche 155g,BRANDED
"Spinach, Ricotta & Pepper Quiche",SAINSBURYS
Higgidy Parsnip & Chestnut Tart 1000g,BRANDED
Handcrafted Hog Roast Sausage Roll 145g,SAINSBURYS
JS pork&slow roast tomato sausage roll,SAINSBURYS
DO NOT USESeasonal Dessert  6,SAINSBURYS
DO NOT USE Magnum Classic 110ml,BRANDED
DO NOT USE DISP - Sticky Toffee Pudding,FOOD SERVICE ORDERED ONLY
Sticky Toffee Muffin,SAINSBURYS
DO NOT USE Low Fat Yogurt,SAINSBURYS
Carrot Triple Layer Cake,SAINSBURYS
DO NOT USESeasonal Dessert 2,SAINSBURYS
DO NOT USEExtra Scoop Ice Cream,SAINSBURYS
DO NOT USE Sltd Carml Honeycmb Scoop,FOOD SERVICE ORDERED ONLY
DO NOT USEExtra Scoop Ice Creamq,TASTE THE DIFFERENCE
DO NOT USEBXS Buttrnut Squash & Chili,SAINSBURYS
DO NOT USEBramley Apple Crumble Disposal,FOOD SERVICE ORDERED ONLY
TTD Choc Orange Cross Bun with Butter,TASTE THE DIFFERENCE
CAFE CHOCOLATE TOPPED √âCLAIR,SAINSBURYS
Millionaire Square,SAINSBURYS
DO NOT USEApple Crumble(custard not inc),SAINSBURYS
Cafe Raspberry Brownie,SAINSBURYS
DO NOT USE Cadbury Flake 125ml,BRANDED
Cream Tea with Coffee,SAINSBURYS
DO NOT USE Yoghurt 2,SAINSBURYS
Cream tea - Large Coffee Upgrade,SAINSBURYS
DO NOT USE Single Ice cream portion,SAINSBURYS
PTS SB Cream Tea with Tea,SAINSBURYS
DO NOT USE Single portion Crumble Mix,FOOD SERVICE ORDERED ONLY
DO NOT USE Cheesecake with Compote,SAINSBURYS
Gingerbread & White Choc Cookie,SAINSBURYS
Cafe Chocolate Orange Nest Cake,SAINSBURYS
DO NOT USEFruit Pot 3,SAINSBURYS
S'mores Cupcake,TASTE THE DIFFERENCE
DO NOT USEYoghurt & Granola Pot,SAINSBURYS
DO NOT USE Sltd Carml Latte Scoop,FOOD SERVICE ORDERED ONLY